{
    "name": "root",
    "gauges": {
        "EnemyAI.Policy.Entropy.mean": {
            "value": 1.7938860654830933,
            "min": 1.6539639234542847,
            "max": 1.8243598937988281,
            "count": 19
        },
        "EnemyAI.Policy.Entropy.sum": {
            "value": 1810.031005859375,
            "min": 1428.36376953125,
            "max": 1815.423095703125,
            "count": 19
        },
        "EnemyAI.Environment.EpisodeLength.mean": {
            "value": 66.26666666666667,
            "min": 52.333333333333336,
            "max": 78.46153846153847,
            "count": 19
        },
        "EnemyAI.Environment.EpisodeLength.sum": {
            "value": 994.0,
            "min": 752.0,
            "max": 1081.0,
            "count": 19
        },
        "EnemyAI.Step.mean": {
            "value": 108978.0,
            "min": 90991.0,
            "max": 108978.0,
            "count": 19
        },
        "EnemyAI.Step.sum": {
            "value": 108978.0,
            "min": 90991.0,
            "max": 108978.0,
            "count": 19
        },
        "EnemyAI.Policy.ExtrinsicValueEstimate.mean": {
            "value": 2.536576509475708,
            "min": 1.9883408546447754,
            "max": 2.93215274810791,
            "count": 19
        },
        "EnemyAI.Policy.ExtrinsicValueEstimate.sum": {
            "value": 60.877838134765625,
            "min": 40.13560104370117,
            "max": 67.43951416015625,
            "count": 19
        },
        "EnemyAI.Environment.CumulativeReward.mean": {
            "value": 5.268012678623199,
            "min": 3.6904021318142233,
            "max": 5.880961176753044,
            "count": 19
        },
        "EnemyAI.Environment.CumulativeReward.sum": {
            "value": 79.02019017934799,
            "min": 47.9752277135849,
            "max": 91.85957580804825,
            "count": 19
        },
        "EnemyAI.Policy.ExtrinsicReward.mean": {
            "value": 5.268012678623199,
            "min": 3.6904021318142233,
            "max": 5.880961176753044,
            "count": 19
        },
        "EnemyAI.Policy.ExtrinsicReward.sum": {
            "value": 79.02019017934799,
            "min": 47.9752277135849,
            "max": 91.85957580804825,
            "count": 19
        },
        "EnemyAI.Losses.PolicyLoss.mean": {
            "value": 0.23615434517851816,
            "min": 0.21443939250014327,
            "max": 0.2807162664296428,
            "count": 19
        },
        "EnemyAI.Losses.PolicyLoss.sum": {
            "value": 1.653080416249627,
            "min": 1.653080416249627,
            "max": 2.1821602943846194,
            "count": 19
        },
        "EnemyAI.Losses.ValueLoss.mean": {
            "value": 1.2148854041512394,
            "min": 0.6117528782243693,
            "max": 1.2589484236853685,
            "count": 19
        },
        "EnemyAI.Losses.ValueLoss.sum": {
            "value": 8.504197829058675,
            "min": 4.894023025794954,
            "max": 10.071587389482948,
            "count": 19
        },
        "EnemyAI.Policy.LearningRate.mean": {
            "value": 0.0002349008788425714,
            "min": 0.0002349008788425714,
            "max": 0.0002456201181266333,
            "count": 19
        },
        "EnemyAI.Policy.LearningRate.sum": {
            "value": 0.001644306151898,
            "min": 0.0014737207087598,
            "max": 0.001960761146413,
            "count": 19
        },
        "EnemyAI.Policy.Epsilon.mean": {
            "value": 0.1783002857142857,
            "min": 0.1783002857142857,
            "max": 0.18187336666666667,
            "count": 19
        },
        "EnemyAI.Policy.Epsilon.sum": {
            "value": 1.2481019999999998,
            "min": 1.0912402,
            "max": 1.4535870000000002,
            "count": 19
        },
        "EnemyAI.Policy.Beta.mean": {
            "value": 0.003917184257142858,
            "min": 0.003917184257142858,
            "max": 0.004095480996666667,
            "count": 19
        },
        "EnemyAI.Policy.Beta.sum": {
            "value": 0.027420289800000004,
            "min": 0.024572885980000004,
            "max": 0.032693991299999996,
            "count": 19
        },
        "EnemyAI.IsTraining.mean": {
            "value": 1.0,
            "min": 1.0,
            "max": 1.0,
            "count": 19
        },
        "EnemyAI.IsTraining.sum": {
            "value": 1.0,
            "min": 1.0,
            "max": 1.0,
            "count": 19
        }
    },
    "metadata": {
        "timer_format_version": "0.1.0",
        "start_time_seconds": "1765713592",
        "python_version": "3.8.10 (tags/v3.8.10:3d8993a, May  3 2021, 11:48:03) [MSC v.1928 64 bit (AMD64)]",
        "command_line_arguments": "C:\\Users\\takes\\SlaveChase\\env\\Scripts\\mlagents-learn ./config/SlaveChase/EnemyAI.yaml --run-id=EnemyAttackAI-2 --resume",
        "mlagents_version": "0.28.0",
        "mlagents_envs_version": "0.28.0",
        "communication_protocol_version": "1.5.0",
        "pytorch_version": "1.7.1+cu110",
        "numpy_version": "1.19.5",
        "end_time_seconds": "1765715489"
    },
    "total": 1897.0096688,
    "count": 1,
    "self": 0.003203800000164847,
    "children": {
        "run_training.setup": {
            "total": 0.07442079999999995,
            "count": 1,
            "self": 0.07442079999999995
        },
        "TrainerController.start_learning": {
            "total": 1896.9320441999998,
            "count": 1,
            "self": 0.6546410000034939,
            "children": {
                "TrainerController._reset_env": {
                    "total": 7.8169801,
                    "count": 1,
                    "self": 7.8169801
                },
                "TrainerController.advance": {
                    "total": 1888.3207557999965,
                    "count": 19958,
                    "self": 0.6394830999927308,
                    "children": {
                        "env_step": {
                            "total": 1760.6764410000028,
                            "count": 19958,
                            "self": 1601.1884640999965,
                            "children": {
                                "SubprocessEnvManager._take_step": {
                                    "total": 159.05902710000373,
                                    "count": 19958,
                                    "self": 2.1393839000105572,
                                    "children": {
                                        "TorchPolicy.evaluate": {
                                            "total": 156.91964319999317,
                                            "count": 19673,
                                            "self": 47.43757860000329,
                                            "children": {
                                                "TorchPolicy.sample_actions": {
                                                    "total": 109.48206459998988,
                                                    "count": 19673,
                                                    "self": 109.48206459998988
                                                }
                                            }
                                        }
                                    }
                                },
                                "workers": {
                                    "total": 0.42894980000249383,
                                    "count": 19957,
                                    "self": 0.0,
                                    "children": {
                                        "worker_root": {
                                            "total": 1890.5205562000049,
                                            "count": 19957,
                                            "is_parallel": true,